{"$schema":"http://schema.management.azure.com/schemas/2015-01-01/deploymentTemplate.json#","contentVersion":"1.0.0.0","parameters":{"factoryName":{"type":"string","metadata":"Data Factory name"},"ls_azuresql_vin_database":{"type":"string"},"ls_blob_vin_codes_csv":{"type":"string"}},"variables":{"factoryId":"[concat('Microsoft.DataFactory/factories/', parameters('factoryName'))]"},"resources":[{"name":"[concat(parameters('factoryName'), '/pl_decode_vin_number')]","type":"Microsoft.DataFactory/factories/pipelines","apiVersion":"2018-06-01","properties":{"activities":[{"name":"Lookup1","type":"Lookup","dependsOn":[],"policy":{"timeout":"0.12:00:00","retry":0,"retryIntervalInSeconds":30,"secureOutput":false,"secureInput":false},"userProperties":[],"typeProperties":{"source":{"type":"DelimitedTextSource","storeSettings":{"type":"AzureBlobStorageReadSettings","recursive":true,"enablePartitionDiscovery":false},"formatSettings":{"type":"DelimitedTextReadSettings"}},"dataset":{"referenceName":"blob_vin_daily_scans","type":"DatasetReference","parameters":{}},"firstRowOnly":false}},{"name":"ForEach1","type":"ForEach","dependsOn":[{"activity":"Lookup1","dependencyConditions":["Succeeded"]}],"userProperties":[],"typeProperties":{"items":{"value":"@activity('Lookup1').output.value ","type":"Expression"},"activities":[{"name":"Stored procedure1","type":"SqlServerStoredProcedure","dependsOn":[{"activity":"Web1","dependencyConditions":["Succeeded"]}],"policy":{"timeout":"0.12:00:00","retry":0,"retryIntervalInSeconds":30,"secureOutput":false,"secureInput":false},"userProperties":[],"typeProperties":{"storedProcedureName":"[[dbo].[USP_INSERT_VIN_DETAILS]","storedProcedureParameters":{"BODY_CLASS":{"value":{"value":"@activity('Web1').output.Results[0].BodyClass","type":"Expression"},"type":"String"},"INSERTED_TIMESTAMP":{"value":{"value":"@utcnow()","type":"Expression"},"type":"DateTime"},"MAKE":{"value":{"value":"@activity('Web1').output.Results[0].Make","type":"Expression"},"type":"String"},"MANUFACTURER":{"value":{"value":"@activity('Web1').output.Results[0].Manufacturer","type":"Expression"},"type":"String"},"MODEL":{"value":{"value":"@activity('Web1').output.Results[0].Model","type":"Expression"},"type":"String"},"MODEL_YEAR":{"value":{"value":"@activity('Web1').output.Results[0].ModelYear","type":"Expression"},"type":"String"},"VIN_CODE":{"value":{"value":"@item().VIN_CODES","type":"Expression"},"type":"String"}}},"linkedServiceName":{"referenceName":"[parameters('ls_azuresql_vin_database')]","type":"LinkedServiceReference"}},{"name":"Web1","type":"WebActivity","dependsOn":[],"policy":{"timeout":"0.12:00:00","retry":0,"retryIntervalInSeconds":30,"secureOutput":false,"secureInput":false},"userProperties":[],"typeProperties":{"url":{"value":"@concat('https://vpic.nhtsa.dot.gov/api/vehicles/DecodeVINValues/',item().VIN_CODES,'?format=json')","type":"Expression"},"method":"GET","headers":{}}}]}}],"policy":{"elapsedTimeMetric":{},"cancelAfter":{}},"annotations":[],"lastPublishTime":"2023-08-20T06:22:57Z"},"dependsOn":["[concat(variables('factoryId'), '/datasets/blob_vin_daily_scans')]"]},{"name":"[concat(parameters('factoryName'), '/blob_vin_daily_scans')]","type":"Microsoft.DataFactory/factories/datasets","apiVersion":"2018-06-01","properties":{"linkedServiceName":{"referenceName":"[parameters('ls_blob_vin_codes_csv')]","type":"LinkedServiceReference"},"annotations":[],"type":"DelimitedText","typeProperties":{"location":{"type":"AzureBlobStorageLocation","fileName":"vin_daily_scans.csv","container":"vinapifiles"},"columnDelimiter":",","escapeChar":"\\","firstRowAsHeader":true,"quoteChar":"\""},"schema":[{"name":"VIN_CODES","type":"String"}]},"dependsOn":[]}]}